{
  "overall_metrics": {
    "accuracy": 0.8775,
    "precision_weighted": 0.8806884726787999,
    "recall_weighted": 0.8775,
    "f1_score_weighted": 0.8785412591089564
  },
  "per_class_accuracy": {
    "T-shirt/top": 0.796,
    "Trouser": 0.967,
    "Pullover": 0.8,
    "Dress": 0.862,
    "Coat": 0.828,
    "Sandal": 0.926,
    "Shirt": 0.723,
    "Sneaker": 0.955,
    "Bag": 0.964,
    "Ankle boot": 0.954
  },
  "confusion_matrix": [
    [
      796,
      0,
      27,
      47,
      3,
      0,
      120,
      0,
      7,
      0
    ],
    [
      1,
      967,
      3,
      18,
      2,
      1,
      7,
      0,
      1,
      0
    ],
    [
      11,
      1,
      800,
      7,
      94,
      0,
      85,
      0,
      2,
      0
    ],
    [
      11,
      6,
      20,
      862,
      29,
      1,
      71,
      0,
      0,
      0
    ],
    [
      3,
      1,
      53,
      34,
      828,
      0,
      81,
      0,
      0,
      0
    ],
    [
      0,
      0,
      0,
      0,
      0,
      926,
      0,
      57,
      1,
      16
    ],
    [
      90,
      0,
      50,
      33,
      95,
      0,
      723,
      0,
      9,
      0
    ],
    [
      0,
      0,
      0,
      0,
      0,
      14,
      0,
      955,
      2,
      29
    ],
    [
      4,
      0,
      5,
      6,
      6,
      3,
      10,
      2,
      964,
      0
    ],
    [
      0,
      0,
      0,
      1,
      1,
      5,
      0,
      38,
      1,
      954
    ]
  ],
  "class_names": [
    "T-shirt/top",
    "Trouser",
    "Pullover",
    "Dress",
    "Coat",
    "Sandal",
    "Shirt",
    "Sneaker",
    "Bag",
    "Ankle boot"
  ]
}