{
  "overall_metrics": {
    "accuracy": 0.9337,
    "precision_weighted": 0.9337686191141965,
    "recall_weighted": 0.9337,
    "f1_score_weighted": 0.9335505742227337
  },
  "per_class_accuracy": {
    "T-shirt/top": 0.892,
    "Trouser": 0.984,
    "Pullover": 0.882,
    "Dress": 0.925,
    "Coat": 0.933,
    "Sandal": 0.991,
    "Shirt": 0.793,
    "Sneaker": 0.98,
    "Bag": 0.992,
    "Ankle boot": 0.965
  },
  "confusion_matrix": [
    [
      892,
      1,
      22,
      10,
      4,
      0,
      65,
      0,
      6,
      0
    ],
    [
      2,
      984,
      0,
      10,
      0,
      0,
      2,
      0,
      2,
      0
    ],
    [
      12,
      2,
      882,
      5,
      51,
      0,
      46,
      0,
      2,
      0
    ],
    [
      20,
      1,
      12,
      925,
      10,
      0,
      28,
      0,
      3,
      1
    ],
    [
      1,
      0,
      12,
      15,
      933,
      0,
      36,
      0,
      3,
      0
    ],
    [
      0,
      0,
      0,
      0,
      0,
      991,
      0,
      6,
      0,
      3
    ],
    [
      97,
      2,
      21,
      21,
      58,
      0,
      793,
      0,
      7,
      1
    ],
    [
      0,
      0,
      0,
      0,
      0,
      4,
      0,
      980,
      0,
      16
    ],
    [
      3,
      0,
      0,
      2,
      0,
      2,
      0,
      0,
      992,
      1
    ],
    [
      0,
      0,
      0,
      0,
      0,
      9,
      0,
      25,
      1,
      965
    ]
  ],
  "class_names": [
    "T-shirt/top",
    "Trouser",
    "Pullover",
    "Dress",
    "Coat",
    "Sandal",
    "Shirt",
    "Sneaker",
    "Bag",
    "Ankle boot"
  ]
}